{
  "model_tested": "gpt-4o-mini",
  "hallucination_detection": "llm_as_a_judge",
  "judge_model": "gpt-4o-mini",
  "total_cases": 250,
  "bootstrap_size": 1000,
  "confidence_interval": 0.95,
  "metrics": {
    "default": {
      "total_cases": 250,
      "total_runs": 750,
      "hallucinations": 701,
      "hallucination_rate": 0.9346666666666666,
      "ci_lower": 0.9053333333333333,
      "ci_upper": 0.9626666666666667
    },
    "mitigation": {
      "total_cases": 250,
      "total_runs": 750,
      "hallucinations": 339,
      "hallucination_rate": 0.452,
      "ci_lower": 0.392,
      "ci_upper": 0.5093666666666666
    },
    "temp0": {
      "total_cases": 250,
      "total_runs": 750,
      "hallucinations": 697,
      "hallucination_rate": 0.9293333333333333,
      "ci_lower": 0.8959666666666667,
      "ci_upper": 0.96
    },
    "medication_indication": {
      "total_cases": 250,
      "total_runs": 750,
      "hallucinations": 675,
      "hallucination_rate": 0.9,
      "ci_lower": 0.8653000000000001,
      "ci_upper": 0.9293666666666667
    },
    "medication_indication_mitigation": {
      "total_cases": 250,
      "total_runs": 750,
      "hallucinations": 64,
      "hallucination_rate": 0.08533333333333333,
      "ci_lower": 0.05333333333333334,
      "ci_upper": 0.12
    },
    "medication_indication_temp0": {
      "total_cases": 250,
      "total_runs": 750,
      "hallucinations": 680,
      "hallucination_rate": 0.9066666666666666,
      "ci_lower": 0.8693333333333334,
      "ci_upper": 0.9386666666666666
    }
  },
  "token_usage": {
    "model": "gpt-4o-mini",
    "total_requests": 4500,
    "total_input_tokens": 790308,
    "total_output_tokens": 333454,
    "total_tokens": 1123762,
    "estimated_cost_usd": 0.3186186
  }
}